국립공원,생물분류,종명,학명,분류명,조사위치,조사주소,경도,위도,조사일자,개체수
변산반도,관속식물류,Eranthis byunsanensis,byunsanensis,변산바람꽃,,전라북도 부안군 변산면 중계리98-1,126.5835,35.63125,2024-04-13,67
변산반도,관속식물류,Eranthis byunsanensis,byunsanensis,변산바람꽃,,전라북도 부안군 변산면 중계리98-1,126.5835,35.63125,2024-03-04,56
변산반도,관속식물류,Eranthis byunsanensis,byunsanensis,변산바람꽃,,전라북도 부안군 변산면 중계리617-6,126.5811111,35.64277778,2024-03-04,611
변산반도,관속식물류,Eranthis byunsanensis,byunsanensis,변산바람꽃,,전라북도 부안군 변산면 중계리161-2,126.5760556,35.63430556,2024-03-04,76
변산반도,관속식물류,Eranthis byunsanensis,byunsanensis,변산바람꽃,,전라북도 부안군 변산면 중계리617-6,126.5811111,35.64277778,2024-04-13,630
변산반도,관속식물류,Eranthis byunsanensis,byunsanensis,변산바람꽃,,전라북도 부안군 변산면 중계리161-2,126.5760556,35.63430556,2024-04-13,88
변산반도,포유류,Canis lupus familiaris,familiaris,개,비탐방로,가마소삼거리~중계교 일원,126.60598,35.65003,2024-01-05,2
변산반도,포유류,Canis lupus familiaris,familiaris,개,비탐방로,가마소삼거리~중계교 일원,126.60598,35.65003,2024-01-12,1
변산반도,포유류,Hydropotes inermis,inermis,고라니,비탐방로,가마소삼거리~중계교 일원,126.60598,35.65003,2024-01-04,1
변산반도,포유류,Hydropotes inermis,inermis,고라니,탐방로,내변산분소~와룡소 일원,126.60598,35.65003,2024-01-22,1
변산반도,포유류,Hydropotes inermis,inermis,고라니,탐방로,내변산분소~와룡소 일원,126.60598,35.65003,2024-01-21,1
변산반도,포유류,Hydropotes inermis,inermis,고라니,비탐방로,가마소삼거리~중계교 일원,126.60598,35.65003,2024-01-18,1
변산반도,포유류,Hydropotes inermis,inermis,고라니,비탐방로,가마소삼거리~중계교 일원,126.60598,35.65003,2024-01-18,1
변산반도,포유류,Hydropotes inermis,inermis,고라니,비탐방로,가마소삼거리~중계교 일원,126.60598,35.65003,2024-01-05,1
변산반도,포유류,Hydropotes inermis,inermis,고라니,비탐방로,가마소삼거리~중계교 일원,126.60598,35.65003,2024-01-15,1
변산반도,포유류,Hydropotes inermis,inermis,고라니,탐방로,내변산분소~와룡소 일원,126.60598,35.65003,2024-01-21,1
변산반도,포유류,Lepus coreanus,coreanus,멧토끼,비탐방로,가마소삼거리~중계교 일원,126.60598,35.65003,2024-01-12,1
변산반도,포유류,Lepus coreanus,coreanus,멧토끼,비탐방로,가마소삼거리~중계교 일원,126.60598,35.65003,2024-01-15,1
변산반도,포유류,Lepus coreanus,coreanus,멧토끼,비탐방로,가마소삼거리~중계교 일원,126.60598,35.65003,2024-01-15,1
변산반도,포유류,Lepus coreanus,coreanus,멧토끼,비탐방로,가마소삼거리~중계교 일원,126.60598,35.65003,2024-01-13,1
변산반도,포유류,Lepus coreanus,coreanus,멧토끼,비탐방로,가마소삼거리~중계교 일원,126.60598,35.65003,2024-01-07,1
변산반도,포유류,Lepus coreanus,coreanus,멧토끼,비탐방로,가마소삼거리~중계교 일원,126.60598,35.65003,2024-01-15,1
변산반도,포유류,Lepus coreanus,coreanus,멧토끼,비탐방로,가마소삼거리~중계교 일원,126.60598,35.65003,2024-01-13,1
변산반도,포유류,Nyctereutes procyonoides,procyonoides,너구리,비탐방로,가마소삼거리~중계교 일원,126.60598,35.65003,2024-01-20,2
변산반도,포유류,Nyctereutes procyonoides,procyonoides,너구리,탐방로,내변산분소~와룡소 일원,126.60598,35.65003,2024-01-22,2
변산반도,포유류,Sus scrofa,scrofa,멧돼지,비탐방로,가마소삼거리~중계교 일원,126.60598,35.65003,2024-01-05,1
속리산,관속식물류,Abeliophyllum distichum,distichum,미선나무,상수원지,속리산면 사내리,127.8369306,36.53991944,2024-03-25,15
속리산,관속식물류,Abies koreana,koreana,구상나무,신선대,화북면 장암리,127.8726972,36.55925833,2024-10-09,61
속리산,관속식물류,Ajuga spectabilis,spectabilis,자란초,밤티재,상주시화북면중벌리,127.8811917,36.58016667,2024-05-01,250
속리산,관속식물류,Ajuga spectabilis,spectabilis,자란초,버리미기재,문경시가은읍완장리,127.9506667,36.68836111,2024-06-11,500
속리산,관속식물류,Ajuga spectabilis,spectabilis,자란초,밤티재,상주시화북면중벌리,127.8794806,36.57911944,2024-05-01,300
속리산,관속식물류,Anemone reflexa,reflexa,회리바람꽃,남산,속리산면 사내리,127.8287778,36.53644444,2024-04-11,100
속리산,관속식물류,Anemone reflexa,reflexa,회리바람꽃,연송골,속리산면 상판리,127.823275,36.51584444,2024-04-12,200
속리산,관속식물류,Berchemia berchemiifolia,berchemiifolia,망개나무,비룡댐 일원,장안면 서원리,127.8300472,36.47956389,2024-04-12,1
속리산,관속식물류,Berchemia berchemiifolia,berchemiifolia,망개나무,비룡댐 일원,장안면 서원리,127.8299889,36.47946667,2024-04-12,1
속리산,관속식물류,Berchemia berchemiifolia,berchemiifolia,망개나무,비룡댐 일원,장안면 서원리,127.8301611,36.47929167,2024-04-12,1
속리산,관속식물류,Berchemia berchemiifolia,berchemiifolia,망개나무,비룡댐 일원,장안면 서원리,127.8294889,36.4797778,2024-04-12,1
속리산,관속식물류,Berchemia berchemiifolia,berchemiifolia,망개나무,비룡댐 일원,장안면 서원리,127.829525,36.47978056,2024-04-12,1
속리산,관속식물류,Berchemia berchemiifolia,berchemiifolia,망개나무,비룡댐 일원,장안면 서원리,127.8295167,36.48038056,2024-04-12,1
속리산,관속식물류,Berchemia berchemiifolia,berchemiifolia,망개나무,비룡댐 일원,장안면 서원리,127.8302,36.47928333,2024-04-12,1
속리산,관속식물류,Berchemia berchemiifolia,berchemiifolia,망개나무,비룡댐 일원,장안면 서원리,127.8300306,36.47863889,2024-04-12,1
속리산,관속식물류,Berchemia berchemiifolia,berchemiifolia,망개나무,비룡댐 일원,장안면 서원리,127.8302361,36.47849167,2024-04-12,1
속리산,관속식물류,Berchemia berchemiifolia,berchemiifolia,망개나무,비룡댐 일원,장안면 서원리,127.8302389,36.47848333,2024-04-12,1
속리산,관속식물류,Berchemia berchemiifolia,berchemiifolia,망개나무,비룡댐 일원,장안면 서원리,127.83035,36.47842222,2024-04-12,1
속리산,관속식물류,Berchemia berchemiifolia,berchemiifolia,망개나무,비룡댐 일원,장안면 서원리,127.8302778,36.47832778,2024-04-12,1
속리산,관속식물류,Berchemia berchemiifolia,berchemiifolia,망개나무,비룡댐 일원,장안면 서원리,127.8311944,36.47776944,2024-04-12,1
속리산,관속식물류,Berchemia berchemiifolia,berchemiifolia,망개나무,비룡댐 일원,장안면 서원리,127.8305833,36.47823889,2024-04-12,1
속리산,관속식물류,Berchemia berchemiifolia,berchemiifolia,망개나무,비룡댐 일원,장안면 서원리,127.8306361,36.47801389,2024-04-12,1
속리산,관속식물류,Berchemia berchemiifolia,berchemiifolia,망개나무,비룡댐 일원,장안면 서원리,127.8306417,36.47795,2024-04-12,1
속리산,관속식물류,Berchemia berchemiifolia,berchemiifolia,망개나무,비룡댐 일원,장안면 서원리,127.8308056,36.47805,2024-04-12,1
속리산,관속식물류,Berchemia berchemiifolia,berchemiifolia,망개나무,비룡댐 일원,장안면 서원리,127.8309111,36.4778889,2024-04-12,1
속리산,관속식물류,Berchemia berchemiifolia,berchemiifolia,망개나무,신재봉골,속리산면 만수리,127.8652583,36.49891944,2024-09-11,1
속리산,관속식물류,Berchemia berchemiifolia,berchemiifolia,망개나무,건영골,속리산면 삼가리,127.8520111,36.48580556,2024-10-07,1
속리산,관속식물류,Berchemia berchemiifolia,berchemiifolia,망개나무,비룡댐 일원,장안면 서원리,127.83145,36.477525,2024-04-12,1
속리산,관속식물류,Berchemia berchemiifolia,berchemiifolia,망개나무,비룡댐 일원,장안면 서원리,127.83145,36.477525,2024-04-12,1
속리산,관속식물류,Berchemia berchemiifolia,berchemiifolia,망개나무,비룡댐 일원,장안면 서원리,127.8315361,36.47757778,2024-04-12,1
속리산,관속식물류,Berchemia berchemiifolia,berchemiifolia,망개나무,비룡댐 일원,장안면 서원리,127.8314806,36.47754444,2024-04-12,1
속리산,관속식물류,Berchemia berchemiifolia,berchemiifolia,망개나무,비룡댐 일원,장안면 서원리,127.8315139,36.47748333,2024-04-12,1
속리산,관속식물류,Berchemia berchemiifolia,berchemiifolia,망개나무,비룡댐 일원,장안면 서원리,127.8316111,36.477375,2024-04-12,1
속리산,관속식물류,Berchemia berchemiifolia,berchemiifolia,망개나무,비룡댐 일원,장안면 서원리,127.8316917,36.47714167,2024-04-12,1
속리산,관속식물류,Berchemia berchemiifolia,berchemiifolia,망개나무,비룡댐 일원,장안면 서원리,127.8317278,36.47716111,2024-04-12,1
속리산,관속식물류,Berchemia berchemiifolia,berchemiifolia,망개나무,비룡댐 일원,장안면 서원리,127.8320806,36.47691667,2024-04-12,1
속리산,관속식물류,Berchemia berchemiifolia,berchemiifolia,망개나무,비룡댐 일원,장안면 서원리,127.8320667,36.47677222,2024-04-12,1
속리산,관속식물류,Berchemia berchemiifolia,berchemiifolia,망개나무,비룡댐 일원,장안면 서원리,127.8323972,36.47707222,2024-04-12,1
속리산,관속식물류,Berchemia berchemiifolia,berchemiifolia,망개나무,비룡댐 일원,장안면 서원리,127.8317028,36.47769722,2024-04-12,1
속리산,관속식물류,Berchemia berchemiifolia,berchemiifolia,망개나무,비룡댐 일원,장안면 서원리,127.8302694,36.47758889,2024-04-12,1
속리산,관속식물류,Berchemia berchemiifolia,berchemiifolia,망개나무,비룡댐 일원,장안면 서원리,127.82995,36.47776667,2024-04-12,1
속리산,관속식물류,Berchemia berchemiifolia,berchemiifolia,망개나무,비룡댐 일원,장안면 서원리,127.8300917,36.47823056,2024-04-12,1
속리산,관속식물류,Berchemia berchemiifolia,berchemiifolia,망개나무,비룡댐 일원,장안면 서원리,127.8299278,36.48124167,2024-04-12,1
속리산,관속식물류,Berchemia berchemiifolia,berchemiifolia,망개나무,비룡댐 일원,장안면 서원리,127.829875,36.48118611,2024-04-12,1
속리산,관속식물류,Berchemia berchemiifolia,berchemiifolia,망개나무,비룡댐 일원,장안면 서원리,127.8300056,36.48041389,2024-04-12,1
속리산,관속식물류,Berchemia berchemiifolia,berchemiifolia,망개나무,비룡댐 일원,장안면 서원리,127.8301361,36.48032778,2024-04-12,1
속리산,관속식물류,Berchemia berchemiifolia,berchemiifolia,망개나무,비룡댐 일원,장안면 서원리,127.8299556,36.48013889,2024-04-12,1
속리산,관속식물류,Berchemia berchemiifolia,berchemiifolia,망개나무,비룡댐 일원,장안면 서원리,127.8309417,36.47778889,2024-04-12,1
속리산,관속식물류,Berchemia berchemiifolia,berchemiifolia,망개나무,비룡댐 일원,장안면 서원리,127.8309889,36.47764722,2024-04-12,1
속리산,관속식물류,Berchemia berchemiifolia,berchemiifolia,망개나무,비룡댐 일원,장안면 서원리,127.8310806,36.477775,2024-04-12,1
속리산,관속식물류,Berchemia berchemiifolia,berchemiifolia,망개나무,비룡댐 일원,장안면 서원리,127.8301194,36.47823333,2024-04-12,1
속리산,관속식물류,Berchemia berchemiifolia,berchemiifolia,망개나무,비룡댐 일원,장안면 서원리,127.8299694,36.478325,2024-04-12,1
속리산,관속식물류,Berchemia berchemiifolia,berchemiifolia,망개나무,비룡댐 일원,장안면 서원리,127.8298361,36.47856667,2024-04-12,1
속리산,관속식물류,Berchemia berchemiifolia,berchemiifolia,망개나무,비룡댐 일원,장안면 서원리,127.8296861,36.478775,2024-04-12,1
속리산,관속식물류,Berchemia berchemiifolia,berchemiifolia,망개나무,비룡댐 일원,장안면 서원리,127.8296333,36.479075,2024-04-12,1
속리산,관속식물류,Berchemia berchemiifolia,berchemiifolia,망개나무,비룡댐 일원,장안면 서원리,127.8298,36.47906111,2024-04-12,1
속리산,관속식물류,Berchemia berchemiifolia,berchemiifolia,망개나무,비룡댐 일원,장안면 서원리,127.8296444,36.47953889,2024-04-12,1
속리산,관속식물류,Berchemia berchemiifolia,berchemiifolia,망개나무,비룡댐 일원,장안면 서원리,127.8293333,36.47979444,2024-04-12,1
속리산,관속식물류,Berchemia berchemiifolia,berchemiifolia,망개나무,비룡댐 일원,장안면 서원리,127.8293028,36.47995,2024-04-12,1
속리산,관속식물류,Berchemia berchemiifolia,berchemiifolia,망개나무,비룡댐 일원,장안면 서원리,127.829475,36.47983333,2024-04-12,1
속리산,관속식물류,Berchemia berchemiifolia,berchemiifolia,망개나무,비룡댐 일원,장안면 서원리,127.8304194,36.47993611,2024-04-12,1
속리산,관속식물류,Berchemia berchemiifolia,berchemiifolia,망개나무,비룡댐 일원,장안면 서원리,127.8304306,36.48,2024-04-12,1
속리산,관속식물류,Berchemia berchemiifolia,berchemiifolia,망개나무,비룡댐 일원,장안면 서원리,127.8304361,36.47998056,2024-04-12,1
속리산,관속식물류,Berchemia berchemiifolia,berchemiifolia,망개나무,비룡댐 일원,장안면 서원리,127.8305417,36.47997778,2024-04-12,1
속리산,관속식물류,Brachybotrys paridiformis,paridiformis,당개지치,북가치,속리산면 사내리,127.8292444,36.57426389,2024-05-24,10
속리산,관속식물류,Celastrus stephanotiifolius,stephanotiifolius,털노박덩굴,북암골,속리산면 북암리,127.7929667,36.54335833,2024-11-04,10
속리산,관속식물류,Cephalotaxus harringtonia,harringtonia,개비자나무,만수계곡,속리산면 만수리,127.8766889,36.52321389,2024-04-25,60
속리산,관속식물류,Codonopsis ussuriensis,ussuriensis,소경불알,소리목,속리산면 북암리,127.7954444,36.54825,2024-06-14,10
속리산,관속식물류,Daphne pseudomezereum var.koreana,koreana,두메닥나무,대방골,청천면 사담리,127.8147,36.6168389,2024-06-14,70
속리산,관속식물류,Dipsacus japonicus,japonicus,산토끼꽃,유스타운,속리산면 상판리,127.8204361,36.52223611,2024-07-04,100
속리산,관속식물류,Dipsacus japonicus,japonicus,산토끼꽃,달천,속리산면 사내리,127.8248889,36.53205833,2024-07-04,100
속리산,관속식물류,Elsholtzia saxatilis,saxatilis,가는잎향유,동암골,속리산면 사내리,127.8404167,36.54338889,2024-07-04,50
속리산,관속식물류,Iris minutoaurea,minutoaurea,금붓꽃,만수계곡,속리산면 만수리,127.8781667,36.50561111,2024-04-25,100
속리산,관속식물류,Iris minutoaurea,minutoaurea,금붓꽃,연송골,속리산면 상판리,127.8233667,36.51584722,2024-04-12,100
속리산,관속식물류,Jeffersonia dubia,dubia,깽깽이풀,남산,속리산면 사내리,127.8289472,36.53575556,2024-04-11,50
속리산,관속식물류,Lilium distichum,distichum,말나리,은폭동,속리산 사내리,127.8595556,36.54683333,2024-07-06,30
속리산,관속식물류,Lilium distichum,distichum,말나리,천왕석문,속리산면 사내리,127.8717333,36.54824444,2024-06-02,30
속리산,관속식물류,Monotropa hypopithys,hypopithys,구상난풀,갈목재,속리산면 삼가리,127.8399583,36.49611944,2024-08-19,10
속리산,관속식물류,Mukdenia rossii,rossii,돌단풍,떡바위,충청북도 괴산군 칠성면 쌍곡리19-1,127.9167035,36.72823221,2024-07-27,100
속리산,관속식물류,Paeonia japonica,japonica,백작약,보현재,속리산면 사내리,127.8504139,36.55836944,2024-04-22,20
속리산,관속식물류,Paeonia japonica,japonica,백작약,보현재,속리산면 사내리,127.8504444,36.55879722,2024-04-22,40
속리산,관속식물류,Paeonia japonica,japonica,백작약,만수계곡,속리산면 만수리,127.8771611,36.52326667,2024-04-25,150
속리산,관속식물류,Paeonia japonica,japonica,백작약,만수계곡,속리산면 만수리,127.8798778,36.52328611,2024-04-25,10
속리산,관속식물류,Parasenecio firmus,firmus,병풍쌈,천왕석문,속리산면 사내리,127.8717222,36.54842222,2024-06-02,200
속리산,관속식물류,Parasenecio firmus,firmus,병풍쌈,천왕석문,속리산면 사내리,127.8716694,36.54833056,2024-06-02,30
속리산,관속식물류,Prunus padus,padus,귀룽나무,달천,속리산면 사내리,127.8355806,36.54066667,2024-04-25,20
속리산,관속식물류,Rosa davurica,davurica,생열귀나무,만수리,속리산면 만수리,127.8871694,36.51398056,2024-05-19,20
속리산,관속식물류,Salvia chanryoenica,chanryoenica,참배암차즈기,갈목재,속리산면 갈목리,127.8210556,36.49011111,2024-07-05,100
속리산,관속식물류,Salvia chanryoenica,chanryoenica,참배암차즈기,군자산,칠성면 쌍곡리,127.8809833,36.75023056,2024-10-29,50
속리산,관속식물류,Sanguisorba hakusanensis,hakusanensis,산오이풀,청법대,상주시화북면장암리,127.8669333,36.56392778,2024-05-01,80
속리산,관속식물류,Sanguisorba hakusanensis,hakusanensis,산오이풀,신선대,화북면 장암리,127.8780722,36.55883611,2024-10-09,100
속리산,관속식물류,Sanicula tuberculata,tuberculata,애기참반디,연송골,속리산면 상판리,127.8232111,36.51586667,2024-06-07,20
속리산,관속식물류,Sedum zokuriense,zokuriense,Sedum zokuriense,보현재,속리산면 사내리,127.8502861,36.55872222,2024-04-22,80
속리산,관속식물류,Sedum zokuriense,zokuriense,Sedum zokuriense,대방골,청천면 사담리,127.8147056,36.61701944,2024-06-14,50
속리산,관속식물류,Sedum zokuriense,zokuriense,Sedum zokuriense,세심정,속리산면 사내리,127.8538889,36.54811111,2024-06-13,100
속리산,관속식물류,Stewartia koreana,koreana,노각나무,동암골,속리산면 사내리,127.8374444,36.54272222,2024-07-04,300
속리산,관속식물류,Thalictrum uchiyamae,uchiyamae,자주꿩의다리,경업대,속리산면 사내리,127.8676889,36.55728056,2024-10-09,10
속리산,관속식물류,Thalictrum uchiyamae,uchiyamae,자주꿩의다리,청법대,상주시화북면장암리,127.8672778,36.56373889,2024-05-01,150
속리산,관속식물류,Thalictrum uchiyamae,uchiyamae,자주꿩의다리,비로석문,상주시화북면상오리,127.8720722,36.54738611,2024-06-02,200
속리산,관속식물류,Vaccinium hirtum var.koreanum,koreanum,산앵도나무,갈모봉,청천면 송면리,127.8736028,36.68982222,2024-08-11,100
속리산,관속식물류,Vaccinium hirtum var.koreanum,koreanum,산앵도나무,군자산,칠성면 쌍곡리,127.8839194,36.75248056,2024-10-29,100
속리산,관속식물류,Vicia chosenensis,chosenensis,노랑갈퀴,군자산,칠성면 쌍곡리,127.8798472,36.74939167,2024-10-29,20
속리산,관속식물류,Vicia chosenensis,chosenensis,노랑갈퀴,불목이골,속리산면 상판리,127.8251389,36.51141667,2024-06-07,20
속리산,관속식물류,Vicia chosenensis,chosenensis,노랑갈퀴,만수계곡,속리산면 만수리,127.8822083,36.52314444,2024-04-25,5
속리산,관속식물류,Viola diamantiaca,diamantiaca,금강제비꽃,청법대,상주시화북면장암리,127.882075,36.56369444,2024-05-01,50
속리산,관속식물류,Viola diamantiaca,diamantiaca,금강제비꽃,북가치,속리산면 사내리,127.8289944,36.57430278,2024-05-24,20
속리산,관속식물류,Viola diamantiaca,diamantiaca,금강제비꽃,천왕봉,상주시화북면상오리,127.8720639,36.54603333,2024-06-02,80
속리산,포유류,Capreolus pygargus,pygargus,노루,비탐방로,동암~외톨바위,127.8502791,36.564226,2024-07-24,1
속리산,포유류,Capreolus pygargus,pygargus,노루,탐방로,첨성대 ~ 도명산,127.8140417,36.66439167,2024-02-24,1
속리산,포유류,Capreolus pygargus,pygargus,노루,탐방로,첨성대 ~ 도명산,127.8129389,36.66466389,2024-01-01,1
속리산,포유류,Capreolus pygargus,pygargus,노루,탐방로,첨성대 ~ 도명산,127.8129389,36.66466389,2024-03-04,1
속리산,포유류,Capreolus pygargus,pygargus,노루,탐방로,첨성대 ~ 도명산,127.8140417,36.66439167,2024-01-28,1
속리산,포유류,Capreolus pygargus,pygargus,노루,탐방로,첨성대 ~ 도명산,127.8140417,36.66439167,2024-02-25,1
속리산,포유류,Capreolus pygargus,pygargus,노루,탐방로,첨성대 ~ 도명산,127.8140417,36.66439167,2024-03-29,1
속리산,포유류,Capreolus pygargus,pygargus,노루,탐방로,첨성대 ~ 도명산,127.8140417,36.66439167,2024-03-10,1
속리산,포유류,Capreolus pygargus,pygargus,노루,탐방로,첨성대 ~ 도명산,127.8140417,36.66439167,2024-03-05,1
속리산,포유류,Capreolus pygargus,pygargus,노루,탐방로,첨성대 ~ 도명산,127.8140417,36.66439167,2024-03-04,1
속리산,포유류,Capreolus pygargus,pygargus,노루,탐방로,첨성대 ~ 도명산,127.8119528,36.66332222,2024-01-18,1
속리산,포유류,Capreolus pygargus,pygargus,노루,탐방로,첨성대 ~ 도명산,127.8129389,36.66466389,2024-01-22,2
속리산,포유류,Capreolus pygargus,pygargus,노루,탐방로,첨성대 ~ 도명산,127.8119528,36.66332222,2024-02-24,1
속리산,포유류,Capreolus pygargus,pygargus,노루,탐방로,첨성대 ~ 도명산,127.8140417,36.66439167,2024-03-03,1
속리산,포유류,Capreolus pygargus,pygargus,노루,탐방로,첨성대 ~ 도명산,127.8119528,36.66332222,2024-01-25,1
속리산,포유류,Capreolus pygargus,pygargus,노루,탐방로,첨성대 ~ 도명산,127.8140417,36.66439167,2024-01-15,1
속리산,포유류,Eutamias sibiricus,sibiricus,다람쥐,비탐방로,동암 ~ 외톨바위,127.8440872,36.5585821,2024-04-12,1
속리산,포유류,Eutamias sibiricus,sibiricus,다람쥐,비탐방로,동암 ~ 외톨바위,127.8440872,36.5585821,2024-04-17,1
속리산,포유류,Eutamias sibiricus,sibiricus,다람쥐,비탐방로,동암 ~ 외톨바위,127.8440872,36.5585821,2024-04-30,1
속리산,포유류,Eutamias sibiricus,sibiricus,다람쥐,비탐방로,동암 ~ 외톨바위,127.8440872,36.5585821,2024-04-04,1
속리산,포유류,Eutamias sibiricus,sibiricus,다람쥐,비탐방로,동암 ~ 외톨바위,127.8440872,36.5585821,2024-04-27,1
속리산,포유류,Hydropotes inermis,inermis,고라니,비탐방로,동암~외톨바위,127.8502791,36.564226,2024-07-31,1
속리산,포유류,Hydropotes inermis,inermis,고라니,탐방로,첨성대 ~ 도명산,127.8119528,36.66332222,2024-01-04,1
속리산,포유류,Hydropotes inermis,inermis,고라니,탐방로,첨성대 ~ 도명산,127.8129389,36.66466389,2024-01-23,1
속리산,포유류,Hydropotes inermis,inermis,고라니,탐방로,첨성대 ~ 도명산,127.8129389,36.66466389,2024-01-19,1
속리산,포유류,Hydropotes inermis,inermis,고라니,탐방로,첨성대 ~ 도명산,127.8129389,36.66466389,2024-01-14,1
속리산,포유류,Hydropotes inermis,inermis,고라니,탐방로,첨성대 ~ 도명산,127.8129389,36.66466389,2024-01-04,1
속리산,포유류,Hydropotes inermis,inermis,고라니,탐방로,첨성대 ~ 도명산,127.8129389,36.66466389,2024-01-02,1
속리산,포유류,Hydropotes inermis,inermis,고라니,탐방로,첨성대 ~ 도명산,127.8129389,36.66466389,2024-01-01,1
속리산,포유류,Hydropotes inermis,inermis,고라니,비탐방로,동암 ~ 외톨바위,127.8518736,36.5662043,2024-04-28,1
속리산,포유류,Hydropotes inermis,inermis,고라니,비탐방로,동암 ~ 외톨바위,127.8440872,36.5585821,2024-05-04,1
속리산,포유류,Hydropotes inermis,inermis,고라니,비탐방로,동암 ~ 외톨바위,127.8502791,36.564226,2024-05-09,1
속리산,포유류,Hydropotes inermis,inermis,고라니,비탐방로,동암 ~외톨바위,127.8502791,36.564226,2024-06-16,1
속리산,포유류,Hydropotes inermis,inermis,고라니,비탐방로,동암~외톨바위,127.8502791,36.564226,2024-06-26,1
속리산,포유류,Meles leucurus,leucurus,오소리,비탐방로,동암 ~ 외톨바위,127.8518736,36.5662043,2024-04-13,1
속리산,포유류,Meles leucurus,leucurus,오소리,비탐방로,동암 ~ 외톨바위,127.8518736,36.5662043,2024-04-16,1
속리산,포유류,Meles leucurus,leucurus,오소리,비탐방로,동암 ~ 외톨바위,127.8518736,36.5662043,2024-04-18,1
속리산,포유류,Meles leucurus,leucurus,오소리,비탐방로,동암 ~ 외톨바위,127.8518736,36.5662043,2024-04-22,1
속리산,포유류,Meles leucurus,leucurus,오소리,비탐방로,동암 ~외톨바위,127.8518736,36.5662043,2024-05-28,1
속리산,포유류,Meles leucurus,leucurus,오소리,비탐방로,동암 ~외톨바위,127.8502791,36.564226,2024-06-05,1
속리산,포유류,Meles leucurus,leucurus,오소리,비탐방로,동암 ~외톨바위,127.8502791,36.564226,2024-06-11,1
속리산,포유류,Meles leucurus,leucurus,오소리,비탐방로,동암 ~외톨바위,127.8502791,36.564226,2024-06-14,1
속리산,포유류,Meles leucurus,leucurus,오소리,비탐방로,동암 ~외톨바위,127.8502791,36.564226,2024-06-17,1
속리산,포유류,Meles leucurus,leucurus,오소리,비탐방로,동암 ~외톨바위,127.8502791,36.564226,2024-06-18,1
속리산,포유류,Meles leucurus,leucurus,오소리,비탐방로,동암 ~외톨바위,127.8502791,36.564226,2024-06-19,1
속리산,포유류,Meles leucurus,leucurus,오소리,비탐방로,동암~외톨바위,127.8502791,36.564226,2024-06-26,1
속리산,포유류,Meles leucurus,leucurus,오소리,비탐방로,동암~외톨바위,127.8502791,36.564226,2024-07-01,1
속리산,포유류,Meles leucurus,leucurus,오소리,비탐방로,동암~외톨바위,127.8502791,36.564226,2024-07-04,1
속리산,포유류,Meles leucurus,leucurus,오소리,비탐방로,동암 ~ 외톨바위,127.8518736,36.5662043,2024-04-29,1
속리산,포유류,Meles leucurus,leucurus,오소리,비탐방로,동암 ~ 외톨바위,127.8502791,36.564226,2024-05-03,1
속리산,포유류,Meles leucurus,leucurus,오소리,비탐방로,동암 ~ 외톨바위,127.8502791,36.564226,2024-05-08,1
속리산,포유류,Meles leucurus,leucurus,오소리,비탐방로,동암 ~ 외톨바위,127.8502791,36.564226,2024-05-09,1
속리산,포유류,Meles leucurus,leucurus,오소리,비탐방로,동암 ~ 외톨바위,127.8518736,36.5662043,2024-05-08,1
속리산,포유류,Meles leucurus,leucurus,오소리,비탐방로,동암 ~ 외톨바위,127.8518736,36.5662043,2024-05-09,1
속리산,포유류,Meles leucurus,leucurus,오소리,비탐방로,동암 ~외톨바위,127.8518736,36.5662043,2024-05-19,1
속리산,포유류,Meles leucurus,leucurus,오소리,비탐방로,동암 ~외톨바위,127.8518736,36.5662043,2024-05-19,1
속리산,포유류,Meles leucurus,leucurus,오소리,비탐방로,동암 ~외톨바위,127.8518736,36.5662043,2024-05-21,1
속리산,포유류,Meles leucurus,leucurus,오소리,비탐방로,동암 ~외톨바위,127.8518736,36.5662043,2024-05-24,1
속리산,포유류,Meles leucurus,leucurus,오소리,비탐방로,동암 ~외톨바위,127.8518736,36.5662043,2024-05-26,1
속리산,포유류,Meles leucurus,leucurus,오소리,비탐방로,동암 ~외톨바위,127.8518736,36.5662043,2024-05-26,1
속리산,포유류,Meles leucurus,leucurus,오소리,비탐방로,동암 ~외톨바위,127.8518736,36.5662043,2024-05-26,1
속리산,포유류,Meles leucurus,leucurus,오소리,비탐방로,동암 ~ 외톨바위,127.8502791,36.564226,2024-04-22,1
속리산,포유류,Meles leucurus,leucurus,오소리,비탐방로,동암 ~ 외톨바위,127.8502791,36.564226,2024-04-23,1
속리산,포유류,Meles leucurus,leucurus,오소리,비탐방로,동암~외톨바위,127.8440872,36.5585821,2024-10-01,1
속리산,포유류,Meles leucurus,leucurus,오소리,비탐방로,동암~외톨바위,127.8440872,36.5585821,2024-10-01,1
속리산,포유류,Meles leucurus,leucurus,오소리,비탐방로,동암~외톨바위,127.8440872,36.5585821,2024-10-07,1
속리산,포유류,Meles leucurus,leucurus,오소리,비탐방로,동암~외톨바위,127.8440872,36.5585821,2024-10-11,1
속리산,포유류,Meles leucurus,leucurus,오소리,비탐방로,동암 ~ 외톨바위,127.8440872,36.5585821,2024-04-05,1
속리산,포유류,Meles leucurus,leucurus,오소리,비탐방로,동암 ~ 외톨바위,127.8518736,36.5662043,2024-04-06,1
속리산,포유류,Meles leucurus,leucurus,오소리,비탐방로,동암 ~ 외톨바위,127.8518736,36.5662043,2024-04-10,1
속리산,포유류,Meles leucurus,leucurus,오소리,비탐방로,동암 ~ 외톨바위,127.8518736,36.5662043,2024-04-10,1
속리산,포유류,Meles leucurus,leucurus,오소리,비탐방로,동암 ~ 외톨바위,127.8518736,36.5662043,2024-04-11,1
속리산,포유류,Meles leucurus,leucurus,오소리,비탐방로,동암~외톨바위,127.8518736,36.5662043,2024-09-05,1
속리산,포유류,Meles leucurus,leucurus,오소리,비탐방로,동암~외톨바위,127.8518736,36.5662043,2024-09-06,1
속리산,포유류,Meles leucurus,leucurus,오소리,비탐방로,동암~외톨바위,127.8518736,36.5662043,2024-09-19,1
속리산,포유류,Meles leucurus,leucurus,오소리,비탐방로,동암~외톨바위,127.8518736,36.5662043,2024-09-20,1
속리산,포유류,Meles leucurus,leucurus,오소리,비탐방로,동암~외톨바위,127.8518736,36.5662043,2024-09-23,1
속리산,포유류,Meles leucurus,leucurus,오소리,비탐방로,동암~외톨바위,127.8502791,36.564226,2024-10-01,1
속리산,포유류,Meles leucurus,leucurus,오소리,비탐방로,동암~외톨바위,127.8502791,36.564226,2024-10-01,1
속리산,포유류,Meles leucurus,leucurus,오소리,비탐방로,동암~외톨바위,127.8502791,36.564226,2024-08-14,1
속리산,포유류,Meles leucurus,leucurus,오소리,비탐방로,동암~외톨바위,127.8502791,36.564226,2024-08-19,1
속리산,포유류,Meles leucurus,leucurus,오소리,비탐방로,동암~외톨바위,127.8502791,36.564226,2024-08-20,1
속리산,포유류,Meles leucurus,leucurus,오소리,비탐방로,동암 ~ 외톨바위,127.8502791,36.564226,2024-03-21,1
속리산,포유류,Meles leucurus,leucurus,오소리,비탐방로,동암 ~ 외톨바위,127.8502791,36.564226,2024-03-24,1
속리산,포유류,Meles leucurus,leucurus,오소리,비탐방로,동암 ~ 외톨바위,127.8502791,36.564226,2024-03-27,2
속리산,포유류,Meles leucurus,leucurus,오소리,비탐방로,동암 ~ 외톨바위,127.847438,36.5618384,2024-03-16,1
속리산,포유류,Meles leucurus,leucurus,오소리,비탐방로,동암 ~ 외톨바위,127.8502791,36.564226,2024-03-18,1
속리산,포유류,Meles leucurus,leucurus,오소리,비탐방로,동암 ~ 외톨바위,127.8502791,36.564226,2024-03-30,1
속리산,포유류,Meles leucurus,leucurus,오소리,비탐방로,동암 ~ 외톨바위,127.8502791,36.564226,2024-04-05,1
속리산,포유류,Meles leucurus,leucurus,오소리,비탐방로,동암 ~ 외톨바위,127.8502791,36.564226,2024-04-08,1
속리산,포유류,Meles leucurus,leucurus,오소리,비탐방로,동암 ~ 외톨바위,127.8502791,36.564226,2024-04-08,1
속리산,포유류,Meles leucurus,leucurus,오소리,비탐방로,동암~외톨바위,127.8502791,36.564226,2024-10-03,1
속리산,포유류,Meles leucurus,leucurus,오소리,비탐방로,동암~외톨바위,127.8502791,36.564226,2024-10-03,1
속리산,포유류,Meles leucurus,leucurus,오소리,비탐방로,동암~외톨바위,127.8502791,36.564226,2024-10-07,1
속리산,포유류,Meles leucurus,leucurus,오소리,비탐방로,동암~외톨바위,127.8502791,36.564226,2024-10-08,1
속리산,포유류,Meles leucurus,leucurus,오소리,비탐방로,동암~외톨바위,127.8502791,36.564226,2024-10-10,1
속리산,포유류,Meles leucurus,leucurus,오소리,비탐방로,동암~외톨바위,127.8502791,36.564226,2024-10-12,1
속리산,포유류,Meles leucurus,leucurus,오소리,비탐방로,동암~외톨바위,127.8502791,36.564226,2024-10-14,1
속리산,포유류,Meles leucurus,leucurus,오소리,비탐방로,동암~외톨바위,127.8440872,36.5585821,2024-10-25,2
속리산,포유류,Meles leucurus,leucurus,오소리,비탐방로,동암 ~ 외톨바위,127.8440872,36.5585821,2024-04-17,1
속리산,포유류,Meles leucurus,leucurus,오소리,비탐방로,동암 ~ 외톨바위,127.8440872,36.5585821,2024-04-28,1
속리산,포유류,Meles leucurus,leucurus,오소리,비탐방로,동암 ~ 외톨바위,127.8518736,36.5662043,2024-04-05,1
속리산,포유류,Meles leucurus,leucurus,오소리,비탐방로,동암 ~외톨바위,127.8518736,36.5662043,2024-05-12,1
속리산,포유류,Meles leucurus,leucurus,오소리,비탐방로,동암 ~외톨바위,127.8518736,36.5662043,2024-05-16,1
속리산,포유류,Meles leucurus,leucurus,오소리,비탐방로,동암 ~외톨바위,127.8518736,36.5662043,2024-05-17,1
속리산,포유류,Meles leucurus,leucurus,오소리,비탐방로,동암~외톨바위,127.8502791,36.564226,2024-09-01,1
속리산,포유류,Meles leucurus,leucurus,오소리,비탐방로,동암 ~ 외톨바위,127.8502791,36.564226,2024-03-23,1
속리산,포유류,Meles leucurus,leucurus,오소리,비탐방로,동암~외톨바위,127.8518736,36.5662043,2024-09-07,1
속리산,포유류,Meles leucurus,leucurus,오소리,비탐방로,동암~외톨바위,127.8518736,36.5662043,2024-09-07,2
속리산,포유류,Meles leucurus,leucurus,오소리,비탐방로,동암~외톨바위,127.8518736,36.5662043,2024-09-07,1
속리산,포유류,Meles leucurus,leucurus,오소리,비탐방로,동암~외톨바위,127.8518736,36.5662043,2024-09-11,1
속리산,포유류,Meles leucurus,leucurus,오소리,비탐방로,동암~외톨바위,127.8518736,36.5662043,2024-09-12,1
속리산,포유류,Meles leucurus,leucurus,오소리,비탐방로,동암~외톨바위,127.8518736,36.5662043,2024-09-13,1
속리산,포유류,Meles leucurus,leucurus,오소리,비탐방로,동암~외톨바위,127.8518736,36.5662043,2024-09-14,1
속리산,포유류,Meles leucurus,leucurus,오소리,비탐방로,동암~외톨바위,127.8518736,36.5662043,2024-09-14,1
속리산,포유류,Meles leucurus,leucurus,오소리,비탐방로,동암~외톨바위,127.8518736,36.5662043,2024-09-16,1
속리산,포유류,Meles leucurus,leucurus,오소리,탐방로,첨성대 ~ 도명산,127.8140417,36.66439167,2024-03-14,1
속리산,포유류,Meles leucurus,leucurus,오소리,탐방로,첨성대 ~ 도명산,127.8140417,36.66439167,2024-03-15,1
속리산,포유류,Meles leucurus,leucurus,오소리,비탐방로,동암~외톨바위,127.8502791,36.564226,2024-07-29,1
속리산,포유류,Meles leucurus,leucurus,오소리,비탐방로,동암~외톨바위,127.8440872,36.5585821,2024-07-03,1
속리산,포유류,Meles leucurus,leucurus,오소리,비탐방로,동암~외톨바위,127.8440872,36.5585821,2024-07-18,1
속리산,포유류,Meles leucurus,leucurus,오소리,비탐방로,동암~외톨바위,127.8502791,36.564226,2024-08-03,1
속리산,포유류,Meles leucurus,leucurus,오소리,비탐방로,동암 ~ 외톨바위,127.847438,36.5618384,2024-02-15,1
속리산,포유류,Mustela sibirica,sibirica,족제비,비탐방로,동암 ~ 외톨바위,127.8440872,36.5585821,2024-04-08,1
속리산,포유류,Nyctereutes procyonoides,procyonoides,너구리,비탐방로,동암~외톨바위,127.8502791,36.564226,2024-09-09,1
속리산,포유류,Nyctereutes procyonoides,procyonoides,너구리,비탐방로,동암~외톨바위,127.8502791,36.564226,2024-07-06,1
속리산,포유류,Nyctereutes procyonoides,procyonoides,너구리,비탐방로,동암 ~ 외톨바위,127.8502791,36.564226,2024-01-09,1
속리산,포유류,Nyctereutes procyonoides,procyonoides,너구리,비탐방로,동암 ~ 외톨바위,127.8502791,36.564226,2024-02-09,1
속리산,포유류,Nyctereutes procyonoides,procyonoides,너구리,탐방로,첨성대 ~ 도명산,127.8140417,36.66439167,2024-03-15,1
속리산,포유류,Nyctereutes procyonoides,procyonoides,너구리,비탐방로,동암~외톨바위,127.8502791,36.564226,2024-09-03,1
속리산,포유류,Nyctereutes procyonoides,procyonoides,너구리,비탐방로,동암~외톨바위,127.8502791,36.564226,2024-09-01,1
속리산,포유류,Nyctereutes procyonoides,procyonoides,너구리,비탐방로,동암~외톨바위,127.8502791,36.564226,2024-08-31,1
속리산,포유류,Nyctereutes procyonoides,procyonoides,너구리,비탐방로,동암 ~ 외톨바위,127.8518736,36.5662043,2024-04-27,1
속리산,포유류,Nyctereutes procyonoides,procyonoides,너구리,비탐방로,동암 ~ 외톨바위,127.8440872,36.5585821,2024-04-19,2
속리산,포유류,Nyctereutes procyonoides,procyonoides,너구리,비탐방로,동암~외톨바위,127.8502791,36.564226,2024-10-05,1
속리산,포유류,Nyctereutes procyonoides,procyonoides,너구리,비탐방로,동암~외톨바위,127.8518736,36.5662043,2024-09-17,1
속리산,포유류,Nyctereutes procyonoides,procyonoides,너구리,비탐방로,동암~외톨바위,127.8518736,36.5662043,2024-09-18,1
속리산,포유류,Nyctereutes procyonoides,procyonoides,너구리,비탐방로,동암~외톨바위,127.8502791,36.564226,2024-08-25,1
속리산,포유류,Nyctereutes procyonoides,procyonoides,너구리,비탐방로,동암 ~ 외톨바위,127.8502791,36.564226,2024-01-01,1
속리산,포유류,Nyctereutes procyonoides,procyonoides,너구리,비탐방로,동암 ~ 외톨바위,127.8502791,36.564226,2024-02-10,1
속리산,포유류,Nyctereutes procyonoides,procyonoides,너구리,비탐방로,동암 ~ 외톨바위,127.8502791,36.564226,2024-02-29,1
속리산,포유류,Sciurus vulgaris,vulgaris,청설모,탐방로,첨성대 ~ 도명산,127.8140417,36.66439167,2024-02-18,1
속리산,포유류,Sciurus vulgaris,vulgaris,청설모,탐방로,첨성대 ~ 도명산,127.8140417,36.66439167,2024-01-28,1
속리산,포유류,Sciurus vulgaris,vulgaris,청설모,탐방로,첨성대 ~ 도명산,127.8140417,36.66439167,2024-02-22,1
속리산,포유류,Sus scrofa,scrofa,멧돼지,비탐방로,동암~외톨바위,127.8502791,36.564226,2024-07-11,1
속리산,포유류,Sus scrofa,scrofa,멧돼지,비탐방로,동암~외톨바위,127.8518736,36.5662043,2024-09-03,1
속리산,포유류,Sus scrofa,scrofa,멧돼지,비탐방로,동암~외톨바위,127.8518736,36.5662043,2024-09-08,1
속리산,포유류,Sus scrofa,scrofa,멧돼지,탐방로,첨성대 ~ 도명산,127.8129389,36.66466389,2024-02-07,1
속리산,포유류,Sus scrofa,scrofa,멧돼지,탐방로,첨성대 ~ 도명산,127.8119528,36.66332222,2024-02-13,3
속리산,포유류,Sus scrofa,scrofa,멧돼지,탐방로,첨성대 ~ 도명산,127.8129389,36.66466389,2024-01-03,1
속리산,,외래꽃사슴,외래꽃사슴,외래꽃사슴,비탐방로,동암~외톨바위,127.8440872,36.5585821,2024-08-01,1
속리산,,외래꽃사슴,외래꽃사슴,외래꽃사슴,비탐방로,동암~외톨바위,127.8440872,36.5585821,2024-08-04,1
속리산,,외래꽃사슴,외래꽃사슴,외래꽃사슴,비탐방로,동암~외톨바위,127.8440872,36.5585821,2024-08-10,1
속리산,,외래꽃사슴,외래꽃사슴,외래꽃사슴,비탐방로,동암~외톨바위,127.8440872,36.5585821,2024-08-21,2
속리산,,외래꽃사슴,외래꽃사슴,외래꽃사슴,비탐방로,동암~외톨바위,127.8440872,36.5585821,2024-08-24,1
속리산,,외래꽃사슴,외래꽃사슴,외래꽃사슴,비탐방로,동암~외톨바위,127.8440872,36.5585821,2024-08-25,1
속리산,,외래꽃사슴,외래꽃사슴,외래꽃사슴,비탐방로,동암~외톨바위,127.8440872,36.5585821,2024-08-26,2
속리산,,외래꽃사슴,외래꽃사슴,외래꽃사슴,비탐방로,동암~외톨바위,127.8502791,36.564226,2024-08-29,1
속리산,,외래꽃사슴,외래꽃사슴,외래꽃사슴,비탐방로,동암 ~ 외톨바위,127.8518736,36.5662043,2024-03-03,1
속리산,,외래꽃사슴,외래꽃사슴,외래꽃사슴,비탐방로,동암 ~ 외톨바위,127.8518736,36.5662043,2024-03-04,2
속리산,,외래꽃사슴,외래꽃사슴,외래꽃사슴,비탐방로,동암 ~ 외톨바위,127.8518736,36.5662043,2024-03-05,4
속리산,,외래꽃사슴,외래꽃사슴,외래꽃사슴,비탐방로,동암 ~ 외톨바위,127.8518736,36.5662043,2024-03-06,1
속리산,,외래꽃사슴,외래꽃사슴,외래꽃사슴,비탐방로,동암~외톨바위,127.8518736,36.5662043,2024-09-07,1
속리산,,외래꽃사슴,외래꽃사슴,외래꽃사슴,비탐방로,동암~외톨바위,127.8518736,36.5662043,2024-09-07,2
속리산,,외래꽃사슴,외래꽃사슴,외래꽃사슴,비탐방로,동암~외톨바위,127.8518736,36.5662043,2024-09-09,1
속리산,,외래꽃사슴,외래꽃사슴,외래꽃사슴,비탐방로,동암~외톨바위,127.8518736,36.5662043,2024-09-12,1
속리산,,외래꽃사슴,외래꽃사슴,외래꽃사슴,비탐방로,동암~외톨바위,127.8518736,36.5662043,2024-09-13,1
속리산,,외래꽃사슴,외래꽃사슴,외래꽃사슴,비탐방로,동암~외톨바위,127.8518736,36.5662043,2024-09-14,1
속리산,,외래꽃사슴,외래꽃사슴,외래꽃사슴,비탐방로,동암~외톨바위,127.8518736,36.5662043,2024-09-14,2
속리산,,외래꽃사슴,외래꽃사슴,외래꽃사슴,비탐방로,동암 ~ 외톨바위,127.8518736,36.5662043,2024-01-09,2
속리산,,외래꽃사슴,외래꽃사슴,외래꽃사슴,비탐방로,동암 ~ 외톨바위,127.8518736,36.5662043,2024-01-17,2
속리산,,외래꽃사슴,외래꽃사슴,외래꽃사슴,비탐방로,동암 ~ 외톨바위,127.8518736,36.5662043,2024-01-21,2
속리산,,외래꽃사슴,외래꽃사슴,외래꽃사슴,비탐방로,동암 ~ 외톨바위,127.8518736,36.5662043,2024-01-27,1
속리산,,외래꽃사슴,외래꽃사슴,외래꽃사슴,비탐방로,동암 ~ 외톨바위,127.8518736,36.5662043,2024-03-07,1
속리산,,외래꽃사슴,외래꽃사슴,외래꽃사슴,비탐방로,동암 ~ 외톨바위,127.8518736,36.5662043,2024-03-17,1
속리산,,외래꽃사슴,외래꽃사슴,외래꽃사슴,비탐방로,동암 ~ 외톨바위,127.8518736,36.5662043,2024-03-25,1
속리산,,외래꽃사슴,외래꽃사슴,외래꽃사슴,비탐방로,동암 ~ 외톨바위,127.8518736,36.5662043,2024-03-28,1
속리산,,외래꽃사슴,외래꽃사슴,외래꽃사슴,비탐방로,동암 ~ 외톨바위,127.8518736,36.5662043,2024-03-29,2
속리산,,외래꽃사슴,외래꽃사슴,외래꽃사슴,비탐방로,동암~외톨바위,127.8502791,36.564226,2024-07-18,1
속리산,,외래꽃사슴,외래꽃사슴,외래꽃사슴,비탐방로,동암~외톨바위,127.8440872,36.5585821,2024-07-01,1
속리산,,외래꽃사슴,외래꽃사슴,외래꽃사슴,비탐방로,동암~외톨바위,127.8440872,36.5585821,2024-07-08,1
속리산,,외래꽃사슴,외래꽃사슴,외래꽃사슴,비탐방로,동암~외톨바위,127.8440872,36.5585821,2024-07-18,1
속리산,,외래꽃사슴,외래꽃사슴,외래꽃사슴,비탐방로,동암~외톨바위,127.8440872,36.5585821,2024-07-25,1
속리산,,외래꽃사슴,외래꽃사슴,외래꽃사슴,비탐방로,동암~외톨바위,127.8440872,36.5585821,2024-07-26,1
속리산,,외래꽃사슴,외래꽃사슴,외래꽃사슴,비탐방로,동암~외톨바위,127.8440872,36.5585821,2024-07-27,1
속리산,,외래꽃사슴,외래꽃사슴,외래꽃사슴,비탐방로,동암~외톨바위,127.8440872,36.5585821,2024-07-29,4
속리산,,외래꽃사슴,외래꽃사슴,외래꽃사슴,비탐방로,동암 ~ 외톨바위,127.8502791,36.564226,2024-02-25,1
속리산,,외래꽃사슴,외래꽃사슴,외래꽃사슴,비탐방로,동암 ~ 외톨바위,127.8440872,36.5585821,2024-02-12,1
속리산,,외래꽃사슴,외래꽃사슴,외래꽃사슴,비탐방로,동암 ~ 외톨바위,127.8440872,36.5585821,2024-02-25,1
속리산,,외래꽃사슴,외래꽃사슴,외래꽃사슴,비탐방로,동암 ~ 외톨바위,127.847438,36.5618384,2024-02-08,1
속리산,,외래꽃사슴,외래꽃사슴,외래꽃사슴,비탐방로,동암 ~ 외톨바위,127.847438,36.5618384,2024-02-10,1
속리산,,외래꽃사슴,외래꽃사슴,외래꽃사슴,비탐방로,동암 ~ 외톨바위,127.847438,36.5618384,2024-02-13,1
속리산,,외래꽃사슴,외래꽃사슴,외래꽃사슴,비탐방로,동암 ~ 외톨바위,127.8502791,36.564226,2024-02-06,1
속리산,,외래꽃사슴,외래꽃사슴,외래꽃사슴,비탐방로,동암~외톨바위,127.8502791,36.564226,2024-09-04,2
속리산,,외래꽃사슴,외래꽃사슴,외래꽃사슴,비탐방로,동암~외톨바위,127.8502791,36.564226,2024-09-21,1
속리산,,외래꽃사슴,외래꽃사슴,외래꽃사슴,비탐방로,동암~외톨바위,127.8502791,36.564226,2024-09-22,1
속리산,,외래꽃사슴,외래꽃사슴,외래꽃사슴,비탐방로,동암~외톨바위,127.8502791,36.564226,2024-09-25,1
속리산,,외래꽃사슴,외래꽃사슴,외래꽃사슴,비탐방로,동암~외톨바위,127.8440872,36.5585821,2024-09-01,3
속리산,,외래꽃사슴,외래꽃사슴,외래꽃사슴,비탐방로,동암~외톨바위,127.8440872,36.5585821,2024-09-02,1
속리산,,외래꽃사슴,외래꽃사슴,외래꽃사슴,비탐방로,동암~외톨바위,127.8440872,36.5585821,2024-09-21,1
속리산,,외래꽃사슴,외래꽃사슴,외래꽃사슴,비탐방로,동암~외톨바위,127.8440872,36.5585821,2024-09-23,1
속리산,,외래꽃사슴,외래꽃사슴,외래꽃사슴,비탐방로,동암 ~ 외톨바위,127.8502791,36.564226,2024-02-21,2
속리산,,외래꽃사슴,외래꽃사슴,외래꽃사슴,비탐방로,동암 ~ 외톨바위,127.8502791,36.564226,2024-02-22,1
속리산,,외래꽃사슴,외래꽃사슴,외래꽃사슴,비탐방로,동암 ~ 외톨바위,127.8518736,36.5662043,2024-02-02,2
속리산,,외래꽃사슴,외래꽃사슴,외래꽃사슴,비탐방로,동암 ~ 외톨바위,127.8518736,36.5662043,2024-02-04,1
속리산,,외래꽃사슴,외래꽃사슴,외래꽃사슴,비탐방로,동암 ~ 외톨바위,127.8518736,36.5662043,2024-02-05,1
속리산,,외래꽃사슴,외래꽃사슴,외래꽃사슴,비탐방로,동암~외톨바위,127.8440872,36.5585821,2024-09-23,1
속리산,,외래꽃사슴,외래꽃사슴,외래꽃사슴,비탐방로,동암~외톨바위,127.8518736,36.5662043,2024-09-01,1
속리산,,외래꽃사슴,외래꽃사슴,외래꽃사슴,비탐방로,동암~외톨바위,127.8518736,36.5662043,2024-09-03,1
속리산,,외래꽃사슴,외래꽃사슴,외래꽃사슴,비탐방로,동암~외톨바위,127.8518736,36.5662043,2024-09-04,2
속리산,,외래꽃사슴,외래꽃사슴,외래꽃사슴,비탐방로,동암~외톨바위,127.8518736,36.5662043,2024-09-19,1
속리산,,외래꽃사슴,외래꽃사슴,외래꽃사슴,비탐방로,동암~외톨바위,127.8518736,36.5662043,2024-09-20,1
속리산,,외래꽃사슴,외래꽃사슴,외래꽃사슴,비탐방로,동암~외톨바위,127.8518736,36.5662043,2024-09-20,1
속리산,,외래꽃사슴,외래꽃사슴,외래꽃사슴,비탐방로,동암~외톨바위,127.8518736,36.5662043,2024-09-21,2
속리산,,외래꽃사슴,외래꽃사슴,외래꽃사슴,비탐방로,동암~외톨바위,127.8518736,36.5662043,2024-09-22,2
속리산,,외래꽃사슴,외래꽃사슴,외래꽃사슴,비탐방로,동암~외톨바위,127.8518736,36.5662043,2024-09-25,2
속리산,,외래꽃사슴,외래꽃사슴,외래꽃사슴,비탐방로,동암~외톨바위,127.8518736,36.5662043,2024-09-25,2
속리산,,외래꽃사슴,외래꽃사슴,외래꽃사슴,비탐방로,동암 ~ 외톨바위,127.8518736,36.5662043,2024-02-06,1
속리산,,외래꽃사슴,외래꽃사슴,외래꽃사슴,비탐방로,동암 ~ 외톨바위,127.8518736,36.5662043,2024-02-07,2
속리산,,외래꽃사슴,외래꽃사슴,외래꽃사슴,비탐방로,동암 ~ 외톨바위,127.8518736,36.5662043,2024-02-12,1
속리산,,외래꽃사슴,외래꽃사슴,외래꽃사슴,비탐방로,동암 ~ 외톨바위,127.8518736,36.5662043,2024-02-13,1
속리산,,외래꽃사슴,외래꽃사슴,외래꽃사슴,비탐방로,동암 ~ 외톨바위,127.8518736,36.5662043,2024-02-15,1
속리산,,외래꽃사슴,외래꽃사슴,외래꽃사슴,비탐방로,동암 ~ 외톨바위,127.8518736,36.5662043,2024-02-20,2
속리산,,외래꽃사슴,외래꽃사슴,외래꽃사슴,비탐방로,동암 ~ 외톨바위,127.8518736,36.5662043,2024-02-21,1
속리산,,외래꽃사슴,외래꽃사슴,외래꽃사슴,비탐방로,동암 ~ 외톨바위,127.8518736,36.5662043,2024-02-22,2
속리산,,외래꽃사슴,외래꽃사슴,외래꽃사슴,비탐방로,동암 ~ 외톨바위,127.8518736,36.5662043,2024-02-24,2
속리산,,외래꽃사슴,외래꽃사슴,외래꽃사슴,비탐방로,동암 ~ 외톨바위,127.8518736,36.5662043,2024-02-25,3
속리산,,외래꽃사슴,외래꽃사슴,외래꽃사슴,비탐방로,동암~외톨바위,127.8502791,36.564226,2024-08-22,1
속리산,,외래꽃사슴,외래꽃사슴,외래꽃사슴,비탐방로,동암~외톨바위,127.8502791,36.564226,2024-08-26,1
속리산,,외래꽃사슴,외래꽃사슴,외래꽃사슴,비탐방로,동암 ~ 외톨바위,127.8502791,36.564226,2024-01-06,1
속리산,,외래꽃사슴,외래꽃사슴,외래꽃사슴,비탐방로,동암 ~ 외톨바위,127.8502791,36.564226,2024-01-10,1
속리산,,외래꽃사슴,외래꽃사슴,외래꽃사슴,비탐방로,동암 ~ 외톨바위,127.8502791,36.564226,2024-01-28,1
속리산,,외래꽃사슴,외래꽃사슴,외래꽃사슴,비탐방로,동암 ~ 외톨바위,127.8440872,36.5585821,2024-01-25,2
속리산,,외래꽃사슴,외래꽃사슴,외래꽃사슴,비탐방로,동암 ~ 외톨바위,127.847438,36.5618384,2024-01-02,1
속리산,,외래꽃사슴,외래꽃사슴,외래꽃사슴,비탐방로,동암 ~ 외톨바위,127.8502791,36.564226,2024-01-03,1
속리산,,외래꽃사슴,외래꽃사슴,외래꽃사슴,비탐방로,동암 ~ 외톨바위,127.8518736,36.5662043,2024-01-01,2
속리산,,외래꽃사슴,외래꽃사슴,외래꽃사슴,비탐방로,동암 ~ 외톨바위,127.8518736,36.5662043,2024-01-03,1
속리산,,외래꽃사슴,외래꽃사슴,외래꽃사슴,비탐방로,동암 ~ 외톨바위,127.8518736,36.5662043,2024-01-05,2
속리산,,외래꽃사슴,외래꽃사슴,외래꽃사슴,비탐방로,동암 ~ 외톨바위,127.8502791,36.564226,2024-03-09,1
속리산,,외래꽃사슴,외래꽃사슴,외래꽃사슴,비탐방로,동암 ~ 외톨바위,127.8502791,36.564226,2024-03-04,1
속리산,,외래꽃사슴,외래꽃사슴,외래꽃사슴,비탐방로,동암 ~ 외톨바위,127.8502791,36.564226,2024-04-07,1
속리산,,외래꽃사슴,외래꽃사슴,외래꽃사슴,비탐방로,동암~외톨바위,127.8440872,36.5585821,2024-10-26,1
속리산,,외래꽃사슴,외래꽃사슴,외래꽃사슴,비탐방로,동암 ~ 외톨바위,127.8440872,36.5585821,2024-04-17,1
속리산,,외래꽃사슴,외래꽃사슴,외래꽃사슴,비탐방로,동암 ~ 외톨바위,127.8440872,36.5585821,2024-04-24,1
속리산,,외래꽃사슴,외래꽃사슴,외래꽃사슴,비탐방로,동암 ~ 외톨바위,127.8440872,36.5585821,2024-04-24,1
속리산,,외래꽃사슴,외래꽃사슴,외래꽃사슴,비탐방로,동암 ~ 외톨바위,127.8518736,36.5662043,2024-04-05,2
속리산,,외래꽃사슴,외래꽃사슴,외래꽃사슴,비탐방로,동암 ~ 외톨바위,127.8518736,36.5662043,2024-04-06,1
속리산,,외래꽃사슴,외래꽃사슴,외래꽃사슴,비탐방로,동암 ~외톨바위,127.8518736,36.5662043,2024-05-12,2
속리산,,외래꽃사슴,외래꽃사슴,외래꽃사슴,비탐방로,동암 ~외톨바위,127.8518736,36.5662043,2024-05-16,1
속리산,,외래꽃사슴,외래꽃사슴,외래꽃사슴,비탐방로,동암 ~ 외톨바위,127.8518736,36.5662043,2024-04-23,1
속리산,,외래꽃사슴,외래꽃사슴,외래꽃사슴,비탐방로,동암 ~ 외톨바위,127.8518736,36.5662043,2024-04-29,2
속리산,,외래꽃사슴,외래꽃사슴,외래꽃사슴,비탐방로,동암 ~ 외톨바위,127.8518736,36.5662043,2024-05-01,3
속리산,,외래꽃사슴,외래꽃사슴,외래꽃사슴,비탐방로,동암 ~ 외톨바위,127.8518736,36.5662043,2024-05-05,2
속리산,,외래꽃사슴,외래꽃사슴,외래꽃사슴,비탐방로,동암 ~ 외톨바위,127.8518736,36.5662043,2024-05-06,1
속리산,,외래꽃사슴,외래꽃사슴,외래꽃사슴,비탐방로,동암 ~ 외톨바위,127.8518736,36.5662043,2024-05-10,2
속리산,,외래꽃사슴,외래꽃사슴,외래꽃사슴,비탐방로,동암 ~외톨바위,127.8518736,36.5662043,2024-05-21,1
속리산,,외래꽃사슴,외래꽃사슴,외래꽃사슴,비탐방로,동암 ~외톨바위,127.8518736,36.5662043,2024-05-25,1
속리산,,외래꽃사슴,외래꽃사슴,외래꽃사슴,비탐방로,동암 ~외톨바위,127.8518736,36.5662043,2024-05-26,1
속리산,,외래꽃사슴,외래꽃사슴,외래꽃사슴,비탐방로,동암 ~외톨바위,127.8518736,36.5662043,2024-05-27,1
속리산,,외래꽃사슴,외래꽃사슴,외래꽃사슴,비탐방로,동암 ~ 외톨바위,127.8502791,36.564226,2024-04-15,2
속리산,,외래꽃사슴,외래꽃사슴,외래꽃사슴,비탐방로,동암~외톨바위,127.8502791,36.564226,2024-10-23,1
속리산,,외래꽃사슴,외래꽃사슴,외래꽃사슴,비탐방로,동암~외톨바위,127.8440872,36.5585821,2024-10-01,2
속리산,,외래꽃사슴,외래꽃사슴,외래꽃사슴,비탐방로,동암~외톨바위,127.8440872,36.5585821,2024-10-01,1
속리산,,외래꽃사슴,외래꽃사슴,외래꽃사슴,비탐방로,동암~외톨바위,127.8440872,36.5585821,2024-10-06,1
속리산,,외래꽃사슴,외래꽃사슴,외래꽃사슴,비탐방로,동암~외톨바위,127.8440872,36.5585821,2024-10-07,1
속리산,,외래꽃사슴,외래꽃사슴,외래꽃사슴,비탐방로,동암~외톨바위,127.8440872,36.5585821,2024-10-08,1
속리산,,외래꽃사슴,외래꽃사슴,외래꽃사슴,비탐방로,동암~외톨바위,127.8440872,36.5585821,2024-10-08,2
속리산,,외래꽃사슴,외래꽃사슴,외래꽃사슴,비탐방로,동암~외톨바위,127.8440872,36.5585821,2024-10-11,1
속리산,,외래꽃사슴,외래꽃사슴,외래꽃사슴,비탐방로,동암 ~ 외톨바위,127.8518736,36.5662043,2024-04-08,1
속리산,,외래꽃사슴,외래꽃사슴,외래꽃사슴,비탐방로,동암 ~ 외톨바위,127.8518736,36.5662043,2024-04-09,1
속리산,,외래꽃사슴,외래꽃사슴,외래꽃사슴,비탐방로,동암 ~ 외톨바위,127.8518736,36.5662043,2024-04-09,1
속리산,,외래꽃사슴,외래꽃사슴,외래꽃사슴,비탐방로,동암 ~ 외톨바위,127.8518736,36.5662043,2024-04-11,1
속리산,,외래꽃사슴,외래꽃사슴,외래꽃사슴,비탐방로,동암 ~ 외톨바위,127.8518736,36.5662043,2024-04-13,2
속리산,,외래꽃사슴,외래꽃사슴,외래꽃사슴,비탐방로,동암 ~ 외톨바위,127.8518736,36.5662043,2024-04-15,1
속리산,,외래꽃사슴,외래꽃사슴,외래꽃사슴,비탐방로,동암 ~ 외톨바위,127.8518736,36.5662043,2024-04-20,1
속리산,,외래꽃사슴,외래꽃사슴,외래꽃사슴,비탐방로,동암 ~ 외톨바위,127.8518736,36.5662043,2024-04-21,2
속리산,,외래꽃사슴,외래꽃사슴,외래꽃사슴,비탐방로,동암 ~ 외톨바위,127.8518736,36.5662043,2024-04-21,1
속리산,,외래꽃사슴,외래꽃사슴,외래꽃사슴,비탐방로,동암 ~ 외톨바위,127.8518736,36.5662043,2024-04-22,2
속리산,,외래꽃사슴,외래꽃사슴,외래꽃사슴,비탐방로,동암 ~외톨바위,127.8440872,36.5585821,2024-06-01,1
속리산,,외래꽃사슴,외래꽃사슴,외래꽃사슴,비탐방로,동암~외톨바위,127.8502791,36.564226,2024-07-15,1
오대산,관속식물류,Acer tegmentosum,tegmentosum,산겨릅나무,,평창군 진부면 동산리,128.5492,37.80293,2024-07-13,1
오대산,관속식물류,Acer tegmentosum,tegmentosum,산겨릅나무,,평창군 진부면 동산리,128.58032,37.74869,2024-07-09,1
오대산,관속식물류,Acer tegmentosum,tegmentosum,산겨릅나무,,평창군 진부면 동산리,128.55988,37.8074,2024-08-10,1
오대산,관속식물류,Adenophora grandiflora,grandiflora,도라지모시대,,대한민국 강원도 평창군 대관령면 횡계리,128.6933333,37.76944444,2024-09-10,1
오대산,관속식물류,Adonis amurensis,amurensis,복수초,평창군 진부면 동산리,평창군 진부면 동산리,128.59804,37.725498,2024-03-17,11
오대산,관속식물류,Allium microdictyon,microdictyon,산마늘,평창군 진부면 동산리,평창군 진부면 동산리,128.57712,37.76604,2024-04-30,10
오대산,관속식물류,Anemone koraiensis,koraiensis,홀아비바람꽃,홍천군 내면 명개리,홍천군 내면 명개리,128.55099,37.84053,2024-04-17,1
오대산,관속식물류,Anemone koraiensis,koraiensis,홀아비바람꽃,평창군 진부면 동산리,평창군 진부면 동산리,128.57712,37.76604,2024-04-30,2
오대산,관속식물류,Anemone koraiensis,koraiensis,홀아비바람꽃,,평창군 진부면 동산리,128.58271,37.82114,2024-05-01,30
오대산,관속식물류,Anemone koraiensis,koraiensis,홀아비바람꽃,,평창군 진부면 동산리,128.57513,37.81484,2024-05-01,10
오대산,관속식물류,Anemone koraiensis,koraiensis,홀아비바람꽃,홍천군 내면 명개리,홍천군 내면 명개리,128.55099,37.84053,2024-04-17,1
오대산,관속식물류,Anemone koraiensis,koraiensis,홀아비바람꽃,,평창군 진부면 동산리,128.58271,37.82114,2024-05-01,30
오대산,관속식물류,Anemone koraiensis,koraiensis,홀아비바람꽃,,평창군 진부면 동산리,128.57513,37.81484,2024-05-01,10
오대산,관속식물류,Anemone koraiensis,koraiensis,홀아비바람꽃,평창군 진부면 동산리,평창군 진부면 동산리,128.57712,37.76604,2024-04-30,2
오대산,관속식물류,Anemone raddeana,raddeana,꿩의바람꽃,,평창군 진부면 동산리,128.57343,37.8129,2024-05-01,10
오대산,관속식물류,Anemone reflexa,reflexa,회리바람꽃,,평창군 진부면 동산리,128.58386,37.81711,2024-05-01,5
오대산,관속식물류,Angelica gigas,gigas,당귀,강릉시 연곡면 삼산리,강릉시 연곡면 삼산리,128.62264,37.79647,2024-04-22,1
오대산,관속식물류,Angelica gigas,gigas,당귀,,평창군 진부면 동산리,128.54366,37.79448,2024-07-13,2
오대산,관속식물류,Angelica gigas,gigas,당귀,,평창군 진부면 동산리,128.54379,37.79523,2024-08-10,1
오대산,관속식물류,Angelica gigas,gigas,당귀,,평창군 진부면 동산리,128.58312,37.81997,2024-05-01,1
오대산,관속식물류,Angelica gigas,gigas,당귀,강릉시 연곡면 삼산리,강릉시 연곡면 삼산리,128.62264,37.79647,2024-04-22,1
오대산,관속식물류,Angelica gigas,gigas,당귀,,평창군 진부면 동산리,128.58312,37.81997,2024-05-01,1
오대산,관속식물류,Aristolochia manshuriensis,manshuriensis,등칡,,강릉시 연곡면 삼산리,128.57475,37.79178,2024-09-07,1
오대산,관속식물류,Aristolochia manshuriensis,manshuriensis,등칡,평창군 진부면 동산리,평창군 진부면 동산리,128.57712,37.76604,2024-04-30,2
오대산,관속식물류,Aristolochia manshuriensis,manshuriensis,등칡,평창군 진부면 동산리,평창군 진부면 동산리,128.57712,37.76604,2024-04-30,2
오대산,관속식물류,Caltha palustris,palustris,동의나물,홍천군 내면 명개리,홍천군 내면 명개리,128.55099,37.84053,2024-04-17,1
오대산,관속식물류,Cardamine komarovii,komarovii,는쟁이냉이,홍천군 내면 명개리,홍천군 내면 명개리,128.55099,37.84053,2024-04-17,1
오대산,관속식물류,Chamerion angustifolium,angustifolium,분홍바늘꽃,평창군 진부면 동산리,평창군 진부면 동산리,128.57712,37.76604,2024-04-30,15
오대산,관속식물류,Chamerion angustifolium,angustifolium,분홍바늘꽃,평창군 진부면 동산리,평창군 진부면 동산리,128.57712,37.76604,2024-04-30,15
오대산,관속식물류,Chamerion angustifolium,angustifolium,분홍바늘꽃,자생식물관찰원,평창군 진부면 동산리,128.57712,37.76577,2024-06-10,10
오대산,관속식물류,Chamerion angustifolium,angustifolium,분홍바늘꽃,,평창군 진부면 동산리,128.57712,37.76577,2024-07-12,10
오대산,관속식물류,Chamerion angustifolium,angustifolium,분홍바늘꽃,,강릉시 연곡면 삼산리,128.66971,37.76755,2024-06-25,3
오대산,관속식물류,Chamerion angustifolium,angustifolium,분홍바늘꽃,,강릉시 연곡면 삼산리,128.66619,37.7604,2024-06-25,10
오대산,관속식물류,Chamerion angustifolium,angustifolium,분홍바늘꽃,소황병산,강릉시 연곡면 삼산리,128.66619,37.7604,2024-06-25,10
오대산,관속식물류,Chamerion angustifolium,angustifolium,분홍바늘꽃,소황병산,강릉시 연곡면 삼산리,128.66971,37.76755,2024-06-25,3
오대산,관속식물류,Chamerion angustifolium,angustifolium,분홍바늘꽃,,평창군 진부면 동산리,128.57712,37.76577,2024-06-10,10
오대산,관속식물류,Dicentra spectabilis,spectabilis,금낭화,강릉시 연곡면 삼산리,강릉시 연곡면 삼산리,128.63063,37.81377,2024-04-22,1
오대산,관속식물류,Eranthis stellata,stellata,너도바람꽃,평창군 진부면 동산리,평창군 진부면 동산리,128.59855,37.72492,2024-03-17,40
오대산,관속식물류,Erythronium japonicum,japonicum,얼레지,홍천군 내면 명개리,홍천군 내면 명개리,128.55099,37.84053,2024-04-17,1
오대산,관속식물류,Galearis cyclochila,cyclochila,나도제비란,,평창군 대관령면 병내리,128.61136,37.75225,2024-09-02,16
오대산,관속식물류,Hanabusaya asiatica,asiatica,금강초롱꽃,,평창군 진부면 동산리,128.57452,37.8082,2024-09-07,1
오대산,관속식물류,Hanabusaya asiatica,asiatica,금강초롱꽃,,평창군 진부면 동산리,128.56649,37.79972,2024-09-07,15
오대산,관속식물류,Hanabusaya asiatica,asiatica,금강초롱꽃,,평창군 진부면 동산리,128.5644,37.80157,2024-08-10,1
오대산,관속식물류,Heloniopsis koreana,koreana,처녀치마,홍천군 내면 명개리,홍천군 내면 명개리,128.55369,37.84224,2024-04-08,10
오대산,관속식물류,Hepatica asiatica,asiatica,노루귀,,평창군 진부면 동산리,128.57343,37.8129,2024-05-01,10
오대산,관속식물류,Hepatica asiatica,asiatica,노루귀,홍천군 내면 명개리,홍천군 내면 명개리,128.54842,37.83862,2024-04-08,5
오대산,관속식물류,Hepatica asiatica,asiatica,노루귀,홍천군 내면 명개리,홍천군 내면 명개리,128.55099,37.84053,2024-04-17,1
오대산,관속식물류,Hydrangea serrata var.acuminata,acuminata,산수국,,평창군 진부면 동산리,128.57712,37.76577,2024-07-12,20
오대산,관속식물류,Iris odaesanensis,odaesanensis,노랑무늬붓꽃,노인봉 탐방로,강릉시 연곡면 삼산리,128.61198,37.76858,2024-06-27,50
오대산,관속식물류,Iris odaesanensis,odaesanensis,노랑무늬붓꽃,,평창군 진부면 동산리,128.59731,37.72864,2024-05-16,10
오대산,관속식물류,Iris odaesanensis,odaesanensis,노랑무늬붓꽃,평창군 진부면 동산리,평창군 진부면 동산리,128.57712,37.76604,2024-04-30,30
오대산,관속식물류,Iris odaesanensis,odaesanensis,노랑무늬붓꽃,,평창군 진부면 동산리,128.59731,37.72864,2024-05-16,10
오대산,관속식물류,Iris odaesanensis,odaesanensis,노랑무늬붓꽃,,평창군 진부면 동산리,128.55494,37.80844,2024-05-19,10
오대산,관속식물류,Iris odaesanensis,odaesanensis,노랑무늬붓꽃,,평창군 진부면 동산리,128.55494,37.80844,2024-05-19,10
오대산,관속식물류,Iris odaesanensis,odaesanensis,노랑무늬붓꽃,,강릉시 연곡면 삼산리,128.61198,37.76858,2024-06-27,50
오대산,관속식물류,Iris odaesanensis,odaesanensis,노랑무늬붓꽃,평창군 진부면 동산리,평창군 진부면 동산리,128.57712,37.76604,2024-04-30,30
오대산,관속식물류,Isophyrum raddeanum,raddeanum,나도바람꽃,홍천군 내면 명개리,홍천군 내면 명개리,128.55099,37.84053,2024-04-17,2
오대산,관속식물류,Lychnis cognata,cognata,동자꽃,,평창군 진부면 동산리,128.57712,37.76577,2024-07-12,5
오대산,관속식물류,Lysimachia clethroides,clethroides,큰까치수염,,평창군 진부면 동산리,128.57712,37.76577,2024-07-12,20
오대산,관속식물류,Maianthemum bifolium,bifolium,두루미꽃,소황병산,강릉시 연곡면 삼산리,128.6695,37.76459,2024-06-25,50
오대산,관속식물류,Maianthemum bifolium,bifolium,두루미꽃,,평창군 진부면 동산리,128.54318,37.7941,2024-07-13,50
오대산,관속식물류,Maianthemum bifolium,bifolium,두루미꽃,,평창군 대관령면 횡계리,128.67194,37.7662,2024-05-29,50
오대산,관속식물류,Maianthemum bifolium,bifolium,두루미꽃,,평창군 대관령면 횡계리,128.67194,37.7662,2024-05-29,50
오대산,관속식물류,Maianthemum bifolium,bifolium,두루미꽃,,강릉시 연곡면 삼산리,128.6695,37.76459,2024-06-25,50
오대산,관속식물류,Megaleranthis saniculifolia,saniculifolia,모데미풀,평창군 진부면 동산리,평창군 진부면 동산리,128.57712,37.76604,2024-04-30,20
오대산,관속식물류,Megaleranthis saniculifolia,saniculifolia,모데미풀,평창군 진부면 동산리,평창군 진부면 동산리,128.57712,37.76604,2024-04-10,20
오대산,관속식물류,Megaleranthis saniculifolia,saniculifolia,모데미풀,평창군 진부면 동산리,평창군 진부면 동산리,128.57712,37.76604,2024-04-30,20
오대산,관속식물류,Megaleranthis saniculifolia,saniculifolia,모데미풀,평창군 진부면 동산리,평창군 진부면 동산리,128.57712,37.76604,2024-04-10,20
오대산,관속식물류,Oplopanax elatus,elatus,땃두릅나무,,평창군 진부면 동산리,128.57712,37.76577,2024-06-10,6
오대산,관속식물류,Oplopanax elatus,elatus,땃두릅나무,자생식물관찰원,평창군 진부면 동산리,128.57712,37.76577,2024-06-10,6
오대산,관속식물류,Oplopanax elatus,elatus,땃두릅나무,평창군 진부면 동산리,평창군 진부면 동산리,128.57712,37.76604,2024-04-30,4
오대산,관속식물류,Oplopanax elatus,elatus,땃두릅나무,평창군 진부면 동산리,평창군 진부면 동산리,128.57712,37.76604,2024-04-30,4
오대산,관속식물류,Oplopanax elatus,elatus,땃두릅나무,,평창군 진부면 동산리,128.57712,37.76577,2024-07-12,6
오대산,관속식물류,Paeonia japonica,japonica,백작약,평창군 진부면 동산리,평창군 진부면 동산리,128.57712,37.76604,2024-04-30,2
오대산,관속식물류,Paeonia japonica,japonica,백작약,평창군 진부면 동산리,평창군 진부면 동산리,128.57712,37.76604,2024-04-30,2
오대산,관속식물류,Patrinia saniculifolia,saniculifolia,금마타리,,평창군 진부면 동산리,128.54848,37.79214,2024-08-10,1
오대산,관속식물류,Patrinia saniculifolia,saniculifolia,금마타리,,강릉시 연곡면 삼산리,128.71109,37.76496,2024-06-14,4
오대산,관속식물류,Patrinia saniculifolia,saniculifolia,금마타리,,평창군 진부면 동산리,128.56649,37.79972,2024-09-07,2
오대산,관속식물류,Patrinia saniculifolia,saniculifolia,금마타리,,평창군 진부면 동산리,128.55359,37.79047,2024-07-13,2
오대산,관속식물류,Patrinia saniculifolia,saniculifolia,금마타리,소황병산,강릉시 연곡면 삼산리,128.71109,37.76496,2024-06-14,4
오대산,관속식물류,Rhododendron brachycarpum,brachycarpum,만병초,평창군 진부면 동산리,평창군 진부면 동산리,128.55608,37.78136,2024-04-02,4
오대산,관속식물류,Rhododendron brachycarpum,brachycarpum,만병초,평창군 진부면 동산리,평창군 진부면 동산리,128.55608,37.78136,2024-04-02,4
오대산,관속식물류,Selliguea hastata,hastata,고란초,,강릉시 연곡면 삼산리,128.71936,37.84269,2024-08-23,50
오대산,관속식물류,Selliguea hastata,hastata,고란초,,강릉시 연곡면 삼산리,128.72161,37.8442,2024-08-23,20
오대산,관속식물류,Symplocarpus nipponicus,nipponicus,애기앉은부채,홍천군 내면 명개리,홍천군 내면 명개리,128.55099,37.84053,2024-04-17,1
오대산,관속식물류,Symplocarpus nipponicus,nipponicus,애기앉은부채,강릉시 연곡면 삼산리,강릉시 연곡면 삼산리,128.63557,37.78096,2024-04-18,1
오대산,관속식물류,Symplocarpus nipponicus,nipponicus,애기앉은부채,홍천군 내면 명개리,홍천군 내면 명개리,128.55099,37.84053,2024-04-17,1
오대산,관속식물류,Symplocarpus nipponicus,nipponicus,애기앉은부채,강릉시 연곡면 삼산리,강릉시 연곡면 삼산리,128.63557,37.78096,2024-04-18,1
오대산,관속식물류,Thuja koraiensis,koraiensis,눈측백,평창군 진부면 동산리,평창군 진부면 동산리,128.57712,37.76604,2024-04-30,1
오대산,관속식물류,Thuja koraiensis,koraiensis,눈측백,평창군 진부면 동산리,평창군 진부면 동산리,128.57712,37.76604,2024-04-30,1
오대산,관속식물류,Thuja koraiensis,koraiensis,눈측백,,평창군 진부면 동산리,128.54378,37.79599,2024-08-10,1
오대산,관속식물류,Thymus quinquecostatus,quinquecostatus,백리향,자생식물관찰원,평창군 진부면 동산리,128.57712,37.76577,2024-06-10,100
오대산,관속식물류,Veratrum oxysepalum,oxysepalum,박새,,평창군 대관령면 병내리,128.60192,37.70278,2024-01-24,1
오대산,관속식물류,Viola diamantiaca,diamantiaca,금강제비꽃,,대한민국 강원도 평창군 대관령면 횡계리 산235,128.6927778,37.76916666,2024-09-10,30
오대산,관속식물류,Viola sororia,sororia,종지나물,평창군 진부면 동산리,평창군 진부면 동산리,128.57712,37.76604,2024-04-30,30
오대산,조류,Ardea cinerea,cinerea,왜가리,,평창군 진부면 동산리,128.57837,37.74909,2024-05-06,1
오대산,조류,Ardea cinerea,cinerea,왜가리,,강릉시 연곡면 삼산리,128.64256,37.8311,2024-04-15,1
오대산,조류,Ardea cinerea,cinerea,왜가리,,강릉시 연곡면 삼산리,128.61074,37.76665,2024-08-08,1
오대산,조류,Ardea cinerea,cinerea,왜가리,,강릉시 연곡면 삼산리,128.61014,37.76644,2024-07-23,1
오대산,조류,Buteo buteo,buteo,말똥가리,,강릉시 연곡면 삼산리,128.642,37.83005,2024-01-18,1
오대산,조류,Cinclus pallasii,pallasii,물까마귀,,평창군 용평면 노동리,128.47276,37.66567,2024-01-04,1
오대산,조류,Corvus macrorhynchos,macrorhynchos,큰부리까마귀,,강릉신 연곡면 삼산리,128.61078,37.76678,2024-11-09,1
오대산,조류,Emberiza elegans,elegans,노랑턱멧새,,평창군 진부면 동산리,128.58784,37.73408,2024-09-02,1
오대산,조류,Microscelis amaurotis,amaurotis,직박구리,,강릉시 연곡면 삼산리,128.62687,37.80532,2024-06-24,1
오대산,조류,Microscelis amaurotis,amaurotis,직박구리,,평창군 대관령면 병내리,128.60216,37.70273,2024-01-24,1
오대산,조류,Nycticorax nycticorax,nycticorax,해오라기,,강릉시 연곡면 삼산리,128.61023,37.76742,2024-09-24,1
오대산,조류,Tetrastes bonasia,bonasia,들꿩,,홍천군 내면 명개리,128.57124,37.82839,2024-04-28,1
오대산,조류,Turdus eunomus,eunomus,개똥지빠귀,,평창군 대관령면 병내리,128.61014,37.76644,2024-04-13,1
오대산,조류,Turdus eunomus,eunomus,개똥지빠귀,,평창군 대관령면 병내리,128.61014,37.76644,2024-04-14,1
오대산,조류,Turdus pallidus,pallidus,흰배지빠귀,,평창군 대관령면 병내리,128.61074,37.76665,2024-05-02,1
오대산,조류,Turdus pallidus,pallidus,흰배지빠귀,,평창군 진부면 간평리,128.60192,37.70278,2024-04-11,1
오대산,조류,Zoothera aurea,aurea,호랑지빠귀,,평창군 진부면 간평리,128.60192,37.70278,2024-04-08,1
오대산,파충류,Rhabdophis lateralis,lateralis,유혈목이,,평창군 진부면 동산리,128.5906,37.73099,2024-05-26,1
오대산,포유류,Capreolus pygargus,pygargus,노루,,강릉시 연곡면 삼산리,128.63777,37.82785,2024-03-15,1
오대산,포유류,Capreolus pygargus,pygargus,노루,,강릉시 연곡면 삼산리,128.63152,37.81962,2024-01-16,1
오대산,포유류,Capreolus pygargus,pygargus,노루,,강릉시 연곡면 삼산리,128.64119,37.8308,2024-03-10,1
오대산,포유류,Capreolus pygargus,pygargus,노루,,홍천군 내면 명개리,128.57541,37.82683,2024-04-28,1
오대산,포유류,Capreolus pygargus,pygargus,노루,,홍천군 내면 명개리,128.57774,37.82556,2024-04-28,1
오대산,포유류,Capreolus pygargus,pygargus,노루,,강릉시 연곡면 삼산리,128.61758,37.73812,2024-01-15,1
오대산,포유류,Capreolus pygargus,pygargus,노루,,강릉시 연곡면 삼산리,128.66014,37.78467,2024-04-18,1
오대산,포유류,Capreolus pygargus,pygargus,노루,,홍천군 내면 명개리,128.5487,37.8392,2024-04-08,1
오대산,포유류,Capreolus pygargus,pygargus,노루,,평창군 진부면 간평리,128.60192,37.70278,2024-01-24,1
오대산,포유류,Capreolus pygargus,pygargus,노루,,평창군 진부면 간평리,128.60192,37.70278,2024-01-23,2
오대산,포유류,Capreolus pygargus,pygargus,노루,,강릉시 연곡면 삼산리,128.61773,37.73818,2024-01-09,1
오대산,포유류,Capreolus pygargus,pygargus,노루,,홍천군 내면 명개리,128.57649,37.8186,2024-04-28,1
오대산,포유류,Capreolus pygargus,pygargus,노루,,강릉시 연곡면 삼산리,128.62295,37.79465,2024-04-22,1
오대산,포유류,Capreolus pygargus,pygargus,노루,,강릉시 연곡면 삼산리,128.62168,37.79298,2024-04-22,1
오대산,포유류,Capreolus pygargus,pygargus,노루,,평창군 진부면 동산리,128.57666,37.74942,2024-06-11,1
오대산,포유류,Capreolus pygargus,pygargus,노루,,강릉시 연곡면 삼산리,128.6094,37.70991,2024-03-18,1
오대산,포유류,Capreolus pygargus,pygargus,노루,,강릉시 연곡면 삼산리,128.70109,37.81142,2024-02-16,1
오대산,포유류,Capreolus pygargus,pygargus,노루,,평창군 진부면 동산리,128.59627,37.72994,2024-02-10,1
오대산,포유류,Capreolus pygargus,pygargus,노루,,강릉시 연곡면 삼산리,128.61009,37.7102,2024-05-06,1
오대산,포유류,Hydropotes inermis,inermis,고라니,,강릉시 연곡면 삼산리,128.6325,37.81904,2024-08-19,1
오대산,포유류,Hydropotes inermis,inermis,고라니,,평창군 진부면 동산리,128.5643,37.78677,2024-02-04,1
오대산,포유류,Hydropotes inermis,inermis,고라니,,강릉시 연곡면 삼산리,128.61261,37.77408,2024-02-08,1
오대산,포유류,Hydropotes inermis,inermis,고라니,,평창군 진부면 동산리,128.58194,37.74919,2024-02-11,1
오대산,포유류,Hydropotes inermis,inermis,고라니,,평창군 진부면 동산리,128.5835,37.74368,2024-05-10,1
오대산,포유류,Hydropotes inermis,inermis,고라니,,평창군 대관령면 병내리,128.61341,37.76348,2024-02-18,1
오대산,포유류,Hydropotes inermis,inermis,고라니,,평창군 대관령면 병내리,128.61107,37.75668,2024-01-14,2
오대산,포유류,Hydropotes inermis,inermis,고라니,,강릉시 연곡면 삼산리,128.61446,37.77803,2024-01-14,1
오대산,포유류,Hydropotes inermis,inermis,고라니,,평창군 진부면 동산리,128.60154,37.71818,2024-03-18,1
오대산,포유류,Hydropotes inermis,inermis,고라니,,강릉시 연곡면 삼산리,128.64117,37.83148,2024-03-23,1
오대산,포유류,Hydropotes inermis,inermis,고라니,,평창군 진부면 동산리,128.57675,37.76749,2024-11-20,1
오대산,포유류,Hydropotes inermis,inermis,고라니,,평창군 진부면 동산리,128.58877,37.73565,2024-08-13,1
오대산,포유류,Hydropotes inermis,inermis,고라니,,평창군 진부면 동산리,128.57758,37.76206,2024-04-15,1
오대산,포유류,Hydropotes inermis,inermis,고라니,,강릉시 연곡면 삼산리,128.61828,37.73936,2024-01-09,1
오대산,포유류,Hydropotes inermis,inermis,고라니,,평창군 진부면 동산리,128.57764,37.76635,2024-04-15,1
오대산,포유류,Hydropotes inermis,inermis,고라니,,강릉시 연곡면 삼산리,128.59904,37.77418,2024-05-01,1
오대산,포유류,Hydropotes inermis,inermis,고라니,,평창군 진부면 동산리,128.59201,37.73036,2024-07-11,1
오대산,포유류,Hydropotes inermis,inermis,고라니,,평창군 진부면 동산리,128.58377,37.7461,2024-05-10,1
오대산,포유류,Hydropotes inermis,inermis,고라니,,강릉시 연곡면 삼산리,128.61557,37.77752,2024-01-15,1
오대산,포유류,Hydropotes inermis,inermis,고라니,,강릉시 연곡면 삼산리,128.61728,37.73771,2024-01-15,1
오대산,포유류,Hydropotes inermis,inermis,고라니,,강릉시 연곡면 삼산리,128.61293,37.77423,2024-04-22,1
오대산,포유류,Hydropotes inermis,inermis,고라니,,홍천군 내면 명개리,128.57579,37.82037,2024-04-28,1
오대산,포유류,Hypsugo alaschanicus,alaschanicus,양박쥐,,평창군 진부면 척천리,128.50781,37.70468,2024-09-01,1
오대산,포유류,Lepus coreanus,coreanus,멧토끼,,평창군 진부면 동산리,128.58246,37.74895,2024-09-10,1
오대산,포유류,Meles leucurus,leucurus,오소리,,평창군 진부면 동산리,128.58328,37.74487,2024-05-06,1
오대산,포유류,Meles leucurus,leucurus,오소리,,평창군 진부면 동산리,128.57746,37.76691,2024-11-16,1
오대산,포유류,Meles leucurus,leucurus,오소리,,강릉시 연곡면 삼산리,128.61219,37.77306,2024-06-11,1
오대산,포유류,Nyctereutes procyonoides,procyonoides,너구리,,평창군 진부면 동산리,128.57652,37.76951,2024-05-10,1
오대산,포유류,Nyctereutes procyonoides,procyonoides,너구리,,강릉시 연곡면 삼산리,128.62308,37.79609,2024-04-22,1
오대산,포유류,Nyctereutes procyonoides,procyonoides,너구리,,강릉시 연곡면 삼산리,128.6259,37.80326,2024-09-10,1
오대산,포유류,Nyctereutes procyonoides,procyonoides,너구리,,강릉시 연곡면 삼산리,128.61713,37.78083,2024-08-13,1
오대산,포유류,Nyctereutes procyonoides,procyonoides,너구리,,평창군 진부면 동산리,128.58466,37.74112,2024-07-11,1
오대산,포유류,Nyctereutes procyonoides,procyonoides,너구리,,평창군 진부면 동산리,128.59494,37.72828,2024-07-11,1
오대산,포유류,Sciurus vulgaris,vulgaris,청설모,,홍천군 내면 명개리,128.5614,37.82783,2024-04-28,1
오대산,포유류,Sus scrofa,scrofa,멧돼지,,강릉시 연곡면 삼산리,128.62277,37.79611,2024-04-22,1
오대산,포유류,Sus scrofa,scrofa,멧돼지,,강릉시 연곡면 삼산리,128.62137,37.79029,2024-04-22,1
오대산,포유류,Sus scrofa,scrofa,멧돼지,,강릉시 연곡면 삼산리,128.62121,37.79014,2024-04-22,1
